<?xml version="1.0" encoding="UTF-8" standalone="yes"?>
<addon id="repository.bizzlebuild" name="bizzlebuildzle Repo" version="1.0" provider-name="bizzlebuildzlebuild">
    <extension point="xbmc.addon.repository" name="bizzlebuildzles Repository">
        <dir>
            <info compressed="false">https://raw.githubusercontent.com/bizzlebuildzlebuild/repository.bizzlebuild/tree/master/repo/zips/addons.xml</info>
            <checksum>https://raw.githubusercontent.com/bizzlebuild/repository.bizzlebuild/tree/master/repo/zips/addons.xml.md5</checksum>
            <datadir zip="true">https://raw.githubusercontent.com/bizzlebuild/repository.bizzlebuild/tree/master/repo/zips/</datadir>
        </dir>
    </extension>
    <extension point="xbmc.addon.metadata">
        <summary>bizzlebuildzle Repo</summary>
        <description>Kodi Builds from bizzlebuildzlebuild</description>
        <disclaimer></disclaimer>
        <platform>all</platform>
        <assets>
            <icon>icon.png</icon>
            <fanart>fanart.jpg</fanart>
        </assets>
    </extension>
</addon>